[
  {
    "question": "What is the correct form of the verb?",
    "options": [
      "Was",
      "Were",
      "Am",
      "Is"
    ],
    "correct": "Was"
  },
  {
    "question": "Which of the following is a synonym for 'happy'?",
    "options": [
      "Sad",
      "Content",
      "Angry",
      "Bored"
    ],
    "correct": "Content"
  },
  {
    "question": "Choose the correct sentence.",
    "options": [
      "She don't like tea.",
      "She doesn't likes tea.",
      "She doesn't like tea.",
      "She don't likes tea."
    ],
    "correct": "She doesn't like tea."
  },
  {
    "question": "Which of these is a noun?",
    "options": [
      "Running",
      "Jump",
      "Quickly",
      "Table"
    ],
    "correct": "Table"
  },
  {
    "question": "What is the plural form of 'child'?",
    "options": [
      "Children",
      "Childs",
      "Childes",
      "Childeren"
    ],
    "correct": "Children"
  },
  {
    "question": "Which is the correct question form?",
    "options": [
      "You like pizza?",
      "Do you likes pizza?",
      "Do you like pizza?",
      "Like you pizza?"
    ],
    "correct": "Do you like pizza?"
  },
  {
    "question": "What is the comparative form of 'good'?",
    "options": [
      "Gooder",
      "Better",
      "Best",
      "More good"
    ],
    "correct": "Better"
  },
  {
    "question": "Which of these is an adverb?",
    "options": [
      "Quickly",
      "Happy",
      "Mountain",
      "Sad"
    ],
    "correct": "Quickly"
  },
  {
    "question": "Choose the correct sentence.",
    "options": [
      "I can sings well.",
      "I can sing well.",
      "I sings well.",
      "I sing well.",
      "I can sings well."
    ],
    "correct": "I can sing well."
  },
  {
    "question": "What is the past tense of 'run'?",
    "options": [
      "Ran",
      "Runed",
      "Runned",
      "Running",
      "Ran"
    ],
    "correct": "Ran"
  }
]
